data,valor,series
2000-09-30,,ZS=F
2000-10-31,455.25,ZS=F
2000-11-30,502.0,ZS=F
2000-12-31,480.875,ZS=F
2001-01-31,459.75,ZS=F
2001-02-28,454.75,ZS=F
2001-03-31,438.375,ZS=F
2001-04-30,422.0,ZS=F
2001-05-31,438.0,ZS=F
2001-06-30,467.125,ZS=F
2001-07-31,496.25,ZS=F
2001-08-31,474.5,ZS=F
2001-09-30,452.75,ZS=F
2001-10-31,431.0,ZS=F
2001-11-30,439.5,ZS=F
2001-12-31,423.75,ZS=F
2002-01-31,429.5,ZS=F
2002-02-28,442.5,ZS=F
2002-03-31,452.375,ZS=F
2002-04-30,462.25,ZS=F
2002-05-31,508.75,ZS=F
2002-06-30,538.125,ZS=F
2002-07-31,567.5,ZS=F
2002-08-31,556.625,ZS=F
2002-09-30,545.75,ZS=F
2002-10-31,565.25,ZS=F
2002-11-30,567.375,ZS=F
2002-12-31,569.5,ZS=F
2003-01-31,564.0,ZS=F
2003-02-28,577.0,ZS=F
2003-03-31,574.5,ZS=F
2003-04-30,623.5,ZS=F
2003-05-31,622.375,ZS=F
2003-06-30,621.25,ZS=F
2003-07-31,532.5,ZS=F
2003-08-31,604.875,ZS=F
2003-09-30,677.25,ZS=F
2003-10-31,794.25,ZS=F
2003-11-30,791.625,ZS=F
2003-12-31,789.0,ZS=F
2004-01-31,857.6666666666666,ZS=F
2004-02-29,926.3333333333334,ZS=F
2004-03-31,995.0,ZS=F
2004-04-30,1034.0,ZS=F
2004-05-31,963.5,ZS=F
2004-06-30,893.0,ZS=F
2004-07-31,760.125,ZS=F
2004-08-31,627.25,ZS=F
2004-09-30,527.0,ZS=F
2004-10-31,530.875,ZS=F
2004-11-30,534.75,ZS=F
2004-12-31,547.75,ZS=F
2005-01-31,514.75,ZS=F
2005-02-28,615.5,ZS=F
2005-03-31,627.5,ZS=F
2005-04-30,653.875,ZS=F
2005-05-31,680.25,ZS=F
2005-06-30,651.75,ZS=F
2005-07-31,619.25,ZS=F
2005-08-31,586.75,ZS=F
2005-09-30,573.25,ZS=F
2005-10-31,564.75,ZS=F
2005-11-30,558.0,ZS=F
2005-12-31,576.125,ZS=F
2006-01-31,594.25,ZS=F
2006-02-28,580.25,ZS=F
2006-03-31,571.5,ZS=F
2006-04-30,575.5,ZS=F
2006-05-31,579.5,ZS=F
2006-06-30,594.75,ZS=F
2006-07-31,579.5,ZS=F
2006-08-31,542.25,ZS=F
2006-09-30,586.25,ZS=F
2006-10-31,630.25,ZS=F
2006-11-30,685.5,ZS=F
2006-12-31,702.5,ZS=F
2007-01-31,719.5,ZS=F
2007-02-28,773.25,ZS=F
2007-03-31,750.875,ZS=F
2007-04-30,728.5,ZS=F
2007-05-31,806.25,ZS=F
2007-06-30,820.125,ZS=F
2007-07-31,834.0,ZS=F
2007-08-31,868.0,ZS=F
2007-09-30,939.0,ZS=F
2007-10-31,1010.0,ZS=F
2007-11-30,1080.0,ZS=F
2007-12-31,1199.0,ZS=F
2008-01-31,1274.5,ZS=F
2008-02-29,1522.0,ZS=F
2008-03-31,1197.25,ZS=F
2008-04-30,1301.75,ZS=F
2008-05-31,1453.375,ZS=F
2008-06-30,1605.0,ZS=F
2008-07-31,1395.75,ZS=F
2008-08-31,1220.375,ZS=F
2008-09-30,1045.0,ZS=F
2008-10-31,925.25,ZS=F
2008-11-30,948.75,ZS=F
2008-12-31,972.25,ZS=F
2009-01-31,965.5,ZS=F
2009-02-28,958.75,ZS=F
2009-03-31,952.0,ZS=F
2009-04-30,1070.0,ZS=F
2009-05-31,1148.125,ZS=F
2009-06-30,1226.25,ZS=F
2009-07-31,1134.0,ZS=F
2009-08-31,1100.0,ZS=F
2009-09-30,927.0,ZS=F
2009-10-31,993.75,ZS=F
2009-11-30,1060.5,ZS=F
2009-12-31,1039.75,ZS=F
2010-01-31,1006.8333333333334,ZS=F
2010-02-28,973.9166666666666,ZS=F
2010-03-31,941.0,ZS=F
2010-04-30,989.5,ZS=F
2010-05-31,969.0,ZS=F
2010-06-30,948.5,ZS=F
2010-07-31,978.25,ZS=F
2010-08-31,1008.0,ZS=F
2010-09-30,1106.75,ZS=F
2010-10-31,1174.875,ZS=F
2010-11-30,1243.0,ZS=F
2010-12-31,1393.75,ZS=F
2011-01-31,1413.0,ZS=F
2011-02-28,1357.25,ZS=F
2011-03-31,1410.25,ZS=F
2011-04-30,1393.125,ZS=F
2011-05-31,1376.0,ZS=F
2011-06-30,1306.25,ZS=F
2011-07-31,1377.625,ZS=F
2011-08-31,1449.0,ZS=F
2011-09-30,1179.0,ZS=F
2011-10-31,1207.5,ZS=F
2011-11-30,1131.25,ZS=F
2011-12-31,1165.125,ZS=F
2012-01-31,1199.0,ZS=F
2012-02-29,1313.5,ZS=F
2012-03-31,1408.25,ZS=F
2012-04-30,1503.0,ZS=F
2012-05-31,1340.0,ZS=F
2012-06-30,1530.5,ZS=F
2012-07-31,1721.0,ZS=F
2012-08-31,1764.5,ZS=F
2012-09-30,1655.75,ZS=F
2012-10-31,1547.0,ZS=F
2012-11-30,1438.75,ZS=F
2012-12-31,1418.75,ZS=F
2013-01-31,1468.5,ZS=F
2013-02-28,1474.25,ZS=F
2013-03-31,1471.0,ZS=F
2013-04-30,1467.75,ZS=F
2013-05-31,1510.0,ZS=F
2013-06-30,1442.0,ZS=F
2013-07-31,1374.0,ZS=F
2013-08-31,1328.375,ZS=F
2013-09-30,1282.75,ZS=F
2013-10-31,1280.25,ZS=F
2013-11-30,1296.375,ZS=F
2013-12-31,1312.5,ZS=F
2014-01-31,1282.75,ZS=F
2014-02-28,1414.25,ZS=F
2014-03-31,1464.0,ZS=F
2014-04-30,1530.75,ZS=F
2014-05-31,1465.625,ZS=F
2014-06-30,1400.5,ZS=F
2014-07-31,1224.5,ZS=F
2014-08-31,1068.875,ZS=F
2014-09-30,913.25,ZS=F
2014-10-31,1046.5,ZS=F
2014-11-30,1032.875,ZS=F
2014-12-31,1019.25,ZS=F
2015-01-31,1003.9166666666666,ZS=F
2015-02-28,988.5833333333334,ZS=F
2015-03-31,973.25,ZS=F
2015-04-30,978.5,ZS=F
2015-05-31,1017.375,ZS=F
2015-06-30,1056.25,ZS=F
2015-07-31,980.75,ZS=F
2015-08-31,897.5,ZS=F
2015-09-30,892.0,ZS=F
2015-10-31,886.5,ZS=F
2015-11-30,881.0,ZS=F
2015-12-31,871.25,ZS=F
2016-01-31,862.125,ZS=F
2016-02-29,853.0,ZS=F
2016-03-31,910.75,ZS=F
2016-04-30,994.625,ZS=F
2016-05-31,1078.5,ZS=F
2016-06-30,1175.0,ZS=F
2016-07-31,1067.5,ZS=F
2016-08-31,960.0,ZS=F
2016-09-30,954.0,ZS=F
2016-10-31,1002.25,ZS=F
2016-11-30,1032.25,ZS=F
2016-12-31,1028.375,ZS=F
2017-01-31,1024.5,ZS=F
2017-02-28,1025.0,ZS=F
2017-03-31,946.0,ZS=F
2017-04-30,931.0,ZS=F
2017-05-31,916.0,ZS=F
2017-06-30,942.25,ZS=F
2017-07-31,994.5,ZS=F
2017-08-31,936.25,ZS=F
2017-09-30,955.0,ZS=F
2017-10-31,973.75,ZS=F
2017-11-30,985.75,ZS=F
2017-12-31,990.75,ZS=F
2018-01-31,995.75,ZS=F
2018-02-28,1045.0,ZS=F
2018-03-31,1041.375,ZS=F
2018-04-30,1037.75,ZS=F
2018-05-31,1018.5,ZS=F
2018-06-30,961.125,ZS=F
2018-07-31,903.75,ZS=F
2018-08-31,833.0,ZS=F
2018-09-30,836.0,ZS=F
2018-10-31,839.0,ZS=F
2018-11-30,894.75,ZS=F
2018-12-31,882.5,ZS=F
2019-01-31,915.25,ZS=F
2019-02-28,897.5,ZS=F
2019-03-31,869.375,ZS=F
2019-04-30,841.25,ZS=F
2019-05-31,877.75,ZS=F
2019-06-30,870.875,ZS=F
2019-07-31,864.0,ZS=F
2019-08-31,885.0,ZS=F
2019-09-30,906.0,ZS=F
2019-10-31,916.75,ZS=F
2019-11-30,929.875,ZS=F
2019-12-31,943.0,ZS=F
2020-01-31,872.5,ZS=F
2020-02-29,879.25,ZS=F
2020-03-31,886.0,ZS=F
2020-04-30,850.25,ZS=F
2020-05-31,867.25,ZS=F
2020-06-30,884.25,ZS=F
2020-07-31,897.5,ZS=F
2020-08-31,951.25,ZS=F
2020-09-30,1023.5,ZS=F
2020-10-31,1096.0,ZS=F
2020-11-30,1168.5,ZS=F
2020-12-31,1315.25,ZS=F
2021-01-31,1355.75,ZS=F
2021-02-28,1396.25,ZS=F
2021-03-31,1436.75,ZS=F
2021-04-30,1571.0,ZS=F
2021-05-31,1510.5,ZS=F
2021-06-30,1450.0,ZS=F
2021-07-31,1374.375,ZS=F
2021-08-31,1298.75,ZS=F
2021-09-30,1256.0,ZS=F
2021-10-31,1236.625,ZS=F
2021-11-30,1217.25,ZS=F
2021-12-31,1328.75,ZS=F
2022-01-31,1490.5,ZS=F
2022-02-28,1644.25,ZS=F
2022-03-31,1618.25,ZS=F
2022-04-30,1650.75,ZS=F
2022-05-31,1683.25,ZS=F
2022-06-30,1675.0,ZS=F
2022-07-31,1591.25,ZS=F
2022-08-31,1507.5,ZS=F
2022-09-30,1364.75,ZS=F
2022-10-31,1407.0,ZS=F
2022-11-30,1469.5,ZS=F
2022-12-31,1503.75,ZS=F
2023-01-31,1538.0,ZS=F
2023-02-28,1490.5,ZS=F
2023-03-31,1505.5,ZS=F
2023-04-30,1402.625,ZS=F
2023-05-31,1299.75,ZS=F
2023-06-30,1557.25,ZS=F
2023-07-31,1445.75,ZS=F
2023-08-31,1360.0,ZS=F
2023-09-30,1323.5,ZS=F
2023-10-31,1287.0,ZS=F
2023-11-30,1342.75,ZS=F
2023-12-31,1342.75,ZS=F
